Name,Order,cross_entropy,RMSE,dice
1004289_35,1,2233.5974,3.7741804e-05,1.0
1004289_35,2,2233.5989,5.8157242e-05,1.0
1004289_35,3,2233.6167,0.00010675988,0.9999183873337142
1004289_35,4,2233.5974,5.7165278e-05,1.0
1004289_35,5,2233.602,7.7022916e-05,0.9999183873337142
1004289_35,6,2233.604,8.703714e-05,0.9999183873337142
1004289_35,7,2233.6077,7.880285e-05,0.9999183873337142
1004289_35,8,2233.5994,7.3033574e-05,0.9999183740102848
1004289_35,9,2233.5955,2.3859488e-05,1.0
1004289_35,10,2233.6345,0.0001240865,0.9999183873337142
1004289_35,11,2233.6099,0.00010809546,0.9996736292428199
1004289_35,12,2233.6072,6.954862e-05,1.0
1004289_35,13,2233.607,7.6110555e-05,0.9999183873337142
1004289_35,14,2233.6028,6.771982e-05,0.9999183873337142
1004289_35,15,2233.6067,7.538408e-05,0.9999183873337142
1004289_35,16,2233.6013,7.339311e-05,0.9999183873337142
1004289_35,17,2233.5989,5.560272e-05,1.0
1004289_35,18,2233.6184,9.611823e-05,1.0
1004289_35,19,2233.605,6.095113e-05,1.0
1004289_35,20,2233.6072,9.7045246e-05,0.9999183873337142
1004298_76,1,4.2265788e-06,3.2168712e-13,-1.0
1004298_76,2,4.2473157e-06,2.1484249e-12,-1.0
1004298_76,3,4.262456e-06,3.521808e-12,-1.0
1004298_76,4,4.2349025e-06,1.0113535e-12,-1.0
1004298_76,5,4.210761e-06,1.1405106e-12,-1.0
1004298_76,6,4.1979097e-06,2.8522191e-12,-1.0
1004298_76,7,4.1958033e-06,3.2065726e-12,-1.0
1004298_76,8,4.319969e-06,7.46151e-12,-1.0
1004298_76,9,4.2177508e-06,6.145755e-13,-1.0
1004298_76,10,4.328514e-06,7.979581e-12,-1.0
1004298_76,11,4.263605e-06,3.6163555e-12,-1.0
1004298_76,12,4.2092433e-06,1.3120662e-12,-1.0
1004298_76,13,4.250205e-06,2.3099044e-12,-1.0
1004298_76,14,4.2170886e-06,7.6980593e-13,-1.0
1004298_76,15,4.2019756e-06,2.2908444e-12,-1.0
1004298_76,16,4.3000146e-06,6.269086e-12,-1.0
1004298_76,17,4.283719e-06,5.1553757e-12,-1.0
1004298_76,18,4.2050415e-06,1.8715118e-12,-1.0
1004298_76,19,4.24949e-06,2.2907058e-12,-1.0
1004298_76,20,4.214368e-06,8.7708893e-13,-1.0
1004302_88,1,518.9916,6.7810695e-05,0.9978118161925602
1004302_88,2,518.9879,2.4093388e-05,0.9989071038251366
1004302_88,3,518.9907,4.7854533e-05,1.0
1004302_88,4,519.0033,9.8062505e-05,0.9967141292442497
1004302_88,5,519.0046,5.7994526e-05,0.9978118161925602
1004302_88,6,518.9889,4.7518217e-05,0.9989071038251366
1004302_88,7,518.991,3.459553e-05,1.0
1004302_88,8,518.9885,4.3365504e-05,1.0
1004302_88,9,518.99536,5.339438e-05,0.9978118161925602
1004302_88,10,518.99115,4.270676e-05,0.9989071038251366
1004302_88,11,518.98834,4.9214344e-05,0.9989071038251366
1004302_88,12,518.9892,2.1235535e-05,0.9989071038251366
1004302_88,13,518.9939,4.1067316e-05,0.9989071038251366
1004302_88,14,518.9887,3.2985066e-05,0.9989071038251366
1004302_88,15,518.99225,3.5554425e-05,0.9989071038251366
1004302_88,16,519.01227,0.000103123166,0.9967141292442497
1004302_88,17,518.987,1.42135505e-05,0.9989071038251366
1004302_88,18,518.9877,2.6269061e-05,0.9989071038251366
1004302_88,19,519.0072,6.53936e-05,0.9978118161925602
1004302_88,20,519.0079,0.00010037681,0.9967141292442497
1004307_78,1,545.19507,7.2764575e-05,0.9992972593113141
1004307_78,2,545.1926,4.7288937e-05,1.0
1004307_78,3,545.2072,0.00013687248,0.9992972593113141
1004307_78,4,545.20807,0.00015531218,0.9992972593113141
1004307_78,5,545.19226,4.982648e-05,0.9992972593113141
1004307_78,6,545.19965,9.224473e-05,0.9992972593113141
1004307_78,7,545.2099,0.00014587739,0.9992972593113141
1004307_78,8,545.1912,3.7242542e-05,1.0
1004307_78,9,545.1937,6.0702307e-05,0.9992972593113141
1004307_78,10,545.215,0.00016631774,0.9992972593113141
1004307_78,11,545.1968,9.4721974e-05,0.9992972593113141
1004307_78,12,545.2023,0.00013468019,0.9992972593113141
1004307_78,13,545.19617,6.5920816e-05,1.0
1004307_78,14,545.1975,7.9557816e-05,0.9992972593113141
1004307_78,15,545.1953,5.9505797e-05,0.9992972593113141
1004307_78,16,545.19226,4.2684645e-05,1.0
1004307_78,17,545.1941,7.784048e-05,0.9992972593113141
1004307_78,18,545.1921,4.829696e-05,1.0
1004307_78,19,545.19464,7.4359035e-05,0.9992972593113141
1004307_78,20,545.20514,0.0001291104,0.9992972593113141
1004327_75,1,414.02228,2.608848e-05,1.0
1004327_75,2,414.0267,4.776147e-05,1.0
1004327_75,3,414.0214,1.6679629e-05,1.0
1004327_75,4,414.02325,2.7139566e-05,1.0
1004327_75,5,414.02234,4.855667e-05,1.0
1004327_75,6,414.02203,3.4409797e-05,1.0
1004327_75,7,414.02878,4.9587077e-05,1.0
1004327_75,8,414.02148,2.1472972e-05,1.0
1004327_75,9,414.02277,4.8890477e-05,1.0
1004327_75,10,414.02652,3.4941193e-05,1.0
1004327_75,11,414.0215,2.7054335e-05,1.0
1004327_75,12,414.02286,5.0799612e-05,1.0
1004327_75,13,414.02188,2.29135e-05,1.0
1004327_75,14,414.02472,4.2263833e-05,1.0
1004327_75,15,414.022,3.5721063e-05,1.0
1004327_75,16,414.0288,5.4435015e-05,1.0
1004327_75,17,414.02258,4.066002e-05,1.0
1004327_75,18,414.0223,2.4705092e-05,1.0
1004327_75,19,414.02814,3.5669702e-05,1.0
1004327_75,20,414.02438,3.0243531e-05,1.0
1004338_1,1,9066.625,0.00013254581,0.9999678425571599
1004338_1,2,9066.646,0.00021665299,0.9999035214664737
1004338_1,3,9066.6455,0.00026131072,0.9996783324755533
1004338_1,4,9066.652,0.00025934534,0.9997748544594899
1004338_1,5,9066.614,0.00011457942,0.9999035400790971
1004338_1,6,9066.62,0.000102948776,0.9999678446252291
1004338_1,7,9066.613,0.00010732685,0.9999678425571599
1004338_1,8,9066.626,0.0001184258,0.9999678446252291
1004338_1,9,9066.623,0.00011546193,0.9999035276714796
1004338_1,10,9066.618,0.000119264005,0.999935683046051
1004338_1,11,9066.618,0.0001345428,0.9998713909073371
1004338_1,12,9066.619,0.00013987641,0.9999035400790971
1004338_1,13,9066.608,5.626165e-05,0.9999678446252291
1004338_1,14,9066.643,0.00014659036,0.9999035276714796
1004338_1,15,9066.646,0.00016188264,0.9998713743649109
1004338_1,16,9066.612,9.631599e-05,0.999871382636656
1004338_1,17,9066.618,0.00010075525,0.9999356871824555
1004338_1,18,9066.636,0.00016621251,0.9998713578182286
1004338_1,19,9066.652,0.00016641132,0.9999035338756873
1004338_1,20,9066.625,0.000114930575,0.9999678446252291
1004340_65,1,1840.4789,0.00018927534,0.9995206902061032
1004340_65,2,1840.4716,9.237796e-05,1.0
1004340_65,3,1840.4624,5.2808213e-05,1.0
1004340_65,4,1840.4823,0.0001879949,0.9995206902061032
1004340_65,5,1840.4656,0.00011497695,0.9998401789995205
1004340_65,6,1840.4553,2.0530455e-05,1.0
1004340_65,7,1840.4578,7.282217e-05,1.0
1004340_65,8,1840.4908,0.00020228713,0.9992014055262738
1004340_65,9,1840.4584,5.189983e-05,0.9998401278976818
1004340_65,10,1840.4607,8.833742e-05,1.0
1004340_65,11,1840.4609,8.8573026e-05,1.0
1004340_65,12,1840.4694,0.00010318151,1.0
1004340_65,13,1840.4694,9.8087774e-05,1.0
1004340_65,14,1840.4622,9.322015e-05,1.0
1004340_65,15,1840.4648,9.844147e-05,1.0
1004340_65,16,1840.4628,9.9126824e-05,0.9998401789995205
1004340_65,17,1840.4808,8.7719876e-05,1.0
1004340_65,18,1840.4617,7.048386e-05,1.0
1004340_65,19,1840.4574,4.523567e-05,1.0
1004340_65,20,1840.4556,3.2623422e-05,1.0
1004343_26,1,22269.191,0.00031114087,0.9997261255187815
1004343_26,2,22269.184,0.0002801255,0.9997893761321033
1004343_26,3,22269.125,0.00027104135,0.9995788764423482
1004343_26,4,22269.104,0.00016546153,0.9998315221969506
1004343_26,5,22269.111,0.00023877976,0.9996839776677552
1004343_26,6,22269.186,0.00031225718,0.9997050644644814
1004343_26,7,22269.092,0.000112248716,0.9998947035906076
1004343_26,8,22269.303,0.00046366896,0.9995786102566263
1004343_26,9,22269.287,0.00047724348,0.9994732073245254
1004343_26,10,22269.178,0.00032955987,0.9997472300627712
1004343_26,11,22269.096,0.00015132183,0.9998314867085142
1004343_26,12,22269.117,0.00019109782,0.9998946858478842
1004343_26,13,22269.367,0.00051419705,0.9995364517488411
1004343_26,14,22269.104,0.00017137616,0.9997473258654089
1004343_26,15,22269.096,0.0001488136,0.9997683478993367
1004343_26,16,22269.518,0.00066100265,0.9992413066385669
1004343_26,17,22269.441,0.00060392835,0.9993888689861548
1004343_26,18,22269.283,0.00039874215,0.9997471981124125
1004343_26,19,22269.174,0.00023890958,0.9998946902841256
1004343_26,20,22269.121,0.0001888808,0.9998314796090327
1004356_97,1,1834.7563,7.703473e-05,0.9995071463775259
1004356_97,2,1834.7651,7.353132e-05,0.9997533908754624
1004356_97,3,1834.772,9.371342e-05,0.9995071463775259
1004356_97,4,1834.7449,5.9650392e-05,0.9995071463775259
1004356_97,5,1834.755,9.821301e-05,0.9995071463775259
1004356_97,6,1834.7701,0.00010675835,0.9995066600888012
1004356_97,7,1834.7638,7.434188e-05,1.0
1004356_97,8,1834.766,0.00013230355,0.9995071463775259
1004356_97,9,1834.7468,6.8470494e-05,0.9995071463775259
1004356_97,10,1834.7637,9.648488e-05,0.9997533908754624
1004356_97,11,1834.747,4.8992795e-05,1.0
1004356_97,12,1834.7529,6.396528e-05,1.0
1004356_97,13,1834.7482,4.6750498e-05,0.9997535124476213
1004356_97,14,1834.766,9.6214135e-05,1.0
1004356_97,15,1834.772,8.5441396e-05,1.0
1004356_97,16,1834.7572,6.3098596e-05,1.0
1004356_97,17,1834.7491,5.387031e-05,0.9995071463775259
1004356_97,18,1834.7599,0.00011441286,0.9995071463775259
1004356_97,19,1834.756,9.178302e-05,0.9997535124476213
1004356_97,20,1834.7528,8.200395e-05,0.9995071463775259
1004359_43,1,3837.5857,0.0001832991,0.9990824004404478
1004359_43,2,3837.5571,0.0001273044,0.9994492381127226
1004359_43,3,3837.5732,0.00022203985,0.9985326485693323
1004359_43,4,3837.5435,6.5696026e-05,1.0
1004359_43,5,3837.5466,8.2429324e-05,0.9996326230712711
1004359_43,6,3837.577,0.00015973768,0.9990824004404478
1004359_43,7,3837.5889,0.00021193121,0.9988990825688073
1004359_43,8,3837.5608,0.00014085986,0.9990824004404478
1004359_43,9,3837.5823,0.00027872494,0.9979835013748855
1004359_43,10,3837.5725,0.0001248841,0.9992657856093979
1004359_43,11,3837.568,0.00014201105,0.9990824004404478
1004359_43,12,3837.5469,9.050184e-05,1.0
1004359_43,13,3837.579,0.00017313888,0.9990824004404478
1004359_43,14,3837.5862,0.00019395382,0.9990824004404478
1004359_43,15,3837.5828,0.00024203506,0.9985326485693323
1004359_43,16,3837.5754,0.00024055353,0.9979835013748855
1004359_43,17,3837.5742,0.00025069388,0.9981664833149981
1004359_43,18,3837.55,0.00011005072,0.9994486307664032
1004359_43,19,3837.5837,0.0001548589,0.9994492381127226
1004359_43,20,3837.5476,9.238918e-05,0.9992655159750276
1004360_8,1,1010.4746,6.774696e-05,0.9995393827729157
1004360_8,2,1010.4768,0.00015133063,0.9990791896869244
1004360_8,3,1010.4706,5.732249e-05,0.9995393827729157
1004360_8,4,1010.4694,4.6590118e-05,0.9995393827729157
1004360_8,5,1010.4678,2.5970476e-05,1.0
1004360_8,6,1010.4683,3.902446e-05,1.0
1004360_8,7,1010.47046,4.9704646e-05,0.9995393827729157
1004360_8,8,1010.4707,4.6807283e-05,0.9995393827729157
1004360_8,9,1010.4654,3.3557964e-05,1.0
1004360_8,10,1010.4798,7.757999e-05,0.9995393827729157
1004360_8,11,1010.4803,0.00014425896,0.9990791896869244
1004360_8,12,1010.4706,5.1006435e-05,0.9995393827729157
1004360_8,13,1010.4731,8.244706e-05,0.9995393827729157
1004360_8,14,1010.4792,7.0066344e-05,0.9995393827729157
1004360_8,15,1010.48364,7.636075e-05,0.9995393827729157
1004360_8,16,1010.4713,4.2108022e-05,1.0
1004360_8,17,1010.47266,0.00012496868,0.9995393827729157
1004360_8,18,1010.46594,3.560211e-05,1.0
1004360_8,19,1010.4802,0.00014895835,0.9995393827729157
1004360_8,20,1010.4689,7.309151e-05,0.9995393827729157
1004362_47,1,2951.7188,0.00010236414,0.9996977025392987
1004362_47,2,2951.7292,0.00014328776,0.9995466223364062
1004362_47,3,2951.7131,6.0665792e-05,0.9996976111279104
1004362_47,4,2951.7153,7.70714e-05,0.999848828420257
1004362_47,5,2951.7144,7.976664e-05,0.9996977025392987
1004362_47,6,2951.7122,4.9219918e-05,0.999848782700741
1004362_47,7,2951.7227,0.00013975981,0.9993955877908733
1004362_47,8,2951.7168,0.00010498381,0.999848828420257
1004362_47,9,2951.7258,0.00012480724,0.9996977025392987
1004362_47,10,2951.7173,5.8840025e-05,0.999848782700741
1004362_47,11,2951.7168,7.613579e-05,0.9996977025392987
1004362_47,12,2951.7222,0.00014207837,0.9990936555891239
1004362_47,13,2951.7197,0.00012775233,0.9993955877908733
1004362_47,14,2951.7131,6.4265856e-05,0.999848828420257
1004362_47,15,2951.7158,8.135688e-05,0.999848828420257
1004362_47,16,2951.721,8.24071e-05,1.0
1004362_47,17,2951.7168,7.763715e-05,0.9996977025392987
1004362_47,18,2951.7185,0.00011295559,0.999848828420257
1004362_47,19,2951.7234,0.0001278752,0.9995466223364062
1004362_47,20,2951.7278,0.00013117447,0.9995466223364062
1004366_66,1,5258.327,0.000105492705,0.9997258320995778
1004366_66,2,5258.358,0.00018988224,0.9997258621634958
1004366_66,3,5258.3184,5.076715e-05,0.9998903268260584
1004366_66,4,5258.319,5.494976e-05,0.999945154390391
1004366_66,5,5258.4824,0.00030540305,0.9995610666081423
1004366_66,6,5258.33,0.00013172571,0.9997806777058889
1004366_66,7,5258.32,6.8963775e-05,0.999945160405813
1004366_66,8,5258.4136,0.00022731324,0.999835481217439
1004366_66,9,5258.3267,0.00013147676,0.9997806777058889
1004366_66,10,5258.33,0.0001111101,0.9998354992597467
1004366_66,11,5258.357,0.0001730823,0.999835481217439
1004366_66,12,5258.324,0.00010289457,0.9997806777058889
1004366_66,13,5258.418,0.00024317829,0.999835481217439
1004366_66,14,5258.3354,0.000119290984,0.999945154390391
1004366_66,15,5258.33,0.00014057668,0.9997258320995778
1004366_66,16,5258.3335,0.00016637235,0.9997806777058889
1004366_66,17,5258.331,0.00016101923,0.9997806777058889
1004366_66,18,5258.331,0.00010275302,0.9997806536521167
1004366_66,19,5258.3223,7.8566285e-05,0.999835481217439
1004366_66,20,5258.3228,9.955441e-05,0.9997806777058889
1004372_76,1,828.37573,0.00010402185,1.0
1004372_76,2,828.32465,2.4605284e-05,1.0
1004372_76,3,828.325,4.1497453e-05,0.9990999099909991
1004372_76,4,828.3248,2.7270558e-05,0.9990999099909991
1004372_76,5,828.3608,0.000104294566,1.0
1004372_76,6,828.3257,4.334752e-05,1.0
1004372_76,7,828.33154,5.29696e-05,0.9990999099909991
1004372_76,8,828.3754,9.0083144e-05,1.0
1004372_76,9,828.3458,0.00011729557,1.0
1004372_76,10,828.3258,2.1719003e-05,1.0
1004372_76,11,828.35657,0.00010208647,1.0
1004372_76,12,828.33905,8.361632e-05,1.0
1004372_76,13,828.35944,0.00011544543,1.0
1004372_76,14,828.3628,8.2881044e-05,1.0
1004372_76,15,828.3244,3.1494816e-05,1.0
1004372_76,16,828.3508,6.657745e-05,1.0
1004372_76,17,828.36237,0.000121709636,1.0
1004372_76,18,828.3488,9.973583e-05,1.0
1004372_76,19,828.32416,2.1837237e-05,1.0
1004372_76,20,828.3659,0.00010015266,1.0
1004386_40,1,642.9095,9.343961e-05,0.998914223669924
1004386_40,2,642.907,5.704279e-05,0.998911860718172
1004386_40,3,642.9167,0.0001137487,0.998911860718172
1004386_40,4,642.90533,3.906516e-05,1.0
1004386_40,5,642.9145,6.664336e-05,1.0
1004386_40,6,642.9081,5.8489004e-05,0.998914223669924
1004386_40,7,642.9069,6.7395755e-05,1.0
1004386_40,8,642.90594,4.4555305e-05,0.998911860718172
1004386_40,9,642.91144,7.841056e-05,0.998914223669924
1004386_40,10,642.91425,9.752938e-05,0.998911860718172
1004386_40,11,642.9084,6.9983376e-05,0.998911860718172
1004386_40,12,642.90796,5.8072474e-05,0.998911860718172
1004386_40,13,642.92017,0.000117209784,0.998914223669924
1004386_40,14,642.914,9.3581235e-05,0.998911860718172
1004386_40,15,642.9055,4.1146042e-05,0.998911860718172
1004386_40,16,642.9185,0.000101523394,1.0
1004386_40,17,642.90656,4.6280806e-05,0.998911860718172
1004386_40,18,642.9103,9.411583e-05,0.998914223669924
1004386_40,19,642.9107,0.00010635796,0.998914223669924
1004386_40,20,642.9051,4.311617e-05,1.0
1004652_68,1,1378.2396,7.0547925e-05,0.9995872884853487
1004652_68,2,1378.2284,5.602539e-05,0.9995869475423379
1004652_68,3,1378.2264,2.4498391e-05,1.0
1004652_68,4,1378.2267,4.2058648e-05,0.9995872884853487
1004652_68,5,1378.2278,5.3579097e-05,0.9995872884853487
1004652_68,6,1378.2336,7.670517e-05,0.9995872884853487
1004652_68,7,1378.2334,4.6618432e-05,0.9991742361684558
1004652_68,8,1378.2345,5.5940003e-05,0.9995869475423379
1004652_68,9,1378.2296,7.238103e-05,0.9995872884853487
1004652_68,10,1378.2299,6.590743e-05,0.9995872884853487
1004652_68,11,1378.2394,0.00013501436,0.9991735537190083
1004652_68,12,1378.2322,4.338268e-05,0.9995872884853487
1004652_68,13,1378.2349,4.949996e-05,0.9995872884853487
1004652_68,14,1378.2275,4.7602178e-05,0.9995869475423379
1004652_68,15,1378.2283,3.749034e-05,0.9995872884853487
1004652_68,16,1378.2312,4.5621906e-05,0.9995872884853487
1004652_68,17,1378.2375,0.00010237375,0.9991735537190083
1004652_68,18,1378.284,0.00030703653,0.9987628865979381
1004652_68,19,1378.227,3.5213732e-05,0.9995872884853487
1004652_68,20,1378.2417,8.62923e-05,0.9991735537190083
1004675_46,1,560.93555,6.0262155e-05,1.0
1004675_46,2,560.93195,5.293249e-05,1.0
1004675_46,3,560.9425,6.2482315e-05,1.0
1004675_46,4,560.95,7.4223484e-05,0.9982174688057041
1004675_46,5,560.9358,0.000116670504,0.9982238010657194
1004675_46,6,560.9308,6.076963e-05,0.9982238010657194
1004675_46,7,560.9449,7.103347e-05,1.0
1004675_46,8,560.93304,4.9364382e-05,0.9982174688057041
1004675_46,9,560.9397,5.6514233e-05,1.0
1004675_46,10,560.92725,2.4652594e-05,1.0
1004675_46,11,560.93036,5.454233e-05,1.0
1004675_46,12,560.9274,4.3897697e-05,1.0
1004675_46,13,560.9369,9.627765e-05,0.9982238010657194
1004675_46,14,560.9276,3.351638e-05,0.9991111111111111
1004675_46,15,560.9322,4.6785604e-05,0.9982174688057041
1004675_46,16,560.93243,4.7549063e-05,1.0
1004675_46,17,560.9273,2.989358e-05,0.9982238010657194
1004675_46,18,560.93005,4.925177e-05,0.9982238010657194
1004675_46,19,560.9441,0.00011152315,0.9991111111111111
1004675_46,20,560.92883,4.860778e-05,0.9991111111111111
1004677_64,1,462.9915,9.650929e-05,1.0
1004677_64,2,462.97836,2.565113e-05,1.0
1004677_64,3,462.97836,2.2969723e-05,1.0
1004677_64,4,462.9896,9.933623e-05,1.0
1004677_64,5,462.99408,0.00010678553,1.0
1004677_64,6,462.98367,7.371887e-05,1.0
1004677_64,7,463.00793,0.00012760288,1.0
1004677_64,8,462.9888,9.953671e-05,1.0
1004677_64,9,462.99017,8.05781e-05,1.0
1004677_64,10,462.98178,5.9885264e-05,1.0
1004677_64,11,462.9926,0.00010995195,1.0
1004677_64,12,462.9788,2.3984874e-05,1.0
1004677_64,13,462.98132,6.561914e-05,1.0
1004677_64,14,462.99252,0.00010836051,1.0
1004677_64,15,462.98053,4.8109792e-05,1.0
1004677_64,16,462.97766,1.7858896e-05,1.0
1004677_64,17,462.9791,3.611063e-05,1.0
1004677_64,18,462.9789,3.0036972e-05,1.0
1004677_64,19,462.98022,5.3313634e-05,1.0
1004677_64,20,462.9871,8.2350794e-05,1.0
1004679_30,1,2303.228,9.049645e-05,0.9996124031007751
1004679_30,2,2303.233,8.144468e-05,0.9998062015503876
1004679_30,3,2303.2246,4.74688e-05,0.9998062015503876
1004679_30,4,2303.2236,4.4364697e-05,1.0
1004679_30,5,2303.2444,9.987514e-05,0.9998062015503876
1004679_30,6,2303.2437,0.000106058826,0.9997092741544723
1004679_30,7,2303.2234,4.662261e-05,0.9998062015503876
1004679_30,8,2303.2256,8.088886e-05,0.9997092741544723
1004679_30,9,2303.241,0.00012092578,0.9997092741544723
1004679_30,10,2303.2239,6.502938e-05,0.9997092741544723
1004679_30,11,2303.2268,5.959226e-05,0.9997092741544723
1004679_30,12,2303.2224,5.2845324e-05,0.9997092741544723
1004679_30,13,2303.2314,7.366286e-05,0.9999031101637438
1004679_30,14,2303.2366,9.852042e-05,0.9997092741544723
1004679_30,15,2303.2312,8.892804e-05,0.9997092741544723
1004679_30,16,2303.2227,5.0335708e-05,0.9998062015503876
1004679_30,17,2303.2463,0.0001186139,0.9997092741544723
1004679_30,18,2303.2253,4.4688233e-05,0.9998062015503876
1004679_30,19,2303.2385,0.00012245098,0.9996123279705369
1004679_30,20,2303.2373,0.000101230995,0.9997092741544723
1004684_97,1,577.9657,2.2867309e-05,1.0
1004684_97,2,577.9693,3.3976037e-05,1.0
1004684_97,3,577.9659,2.6156078e-05,1.0
1004684_97,4,577.96484,1.5773672e-05,1.0
1004684_97,5,577.96783,2.0031033e-05,1.0
1004684_97,6,577.96686,2.926356e-05,1.0
1004684_97,7,577.967,3.5643523e-05,1.0
1004684_97,8,577.983,6.5686196e-05,1.0
1004684_97,9,577.9665,1.8104798e-05,1.0
1004684_97,10,577.9653,2.9668012e-05,1.0
1004684_97,11,577.97955,8.009316e-05,1.0
1004684_97,12,577.9665,4.649795e-05,1.0
1004684_97,13,577.96686,3.259569e-05,1.0
1004684_97,14,577.96625,2.4249892e-05,1.0
1004684_97,15,577.96625,3.6038797e-05,1.0
1004684_97,16,577.9669,3.7803904e-05,1.0
1004684_97,17,577.96497,2.0567668e-05,1.0
1004684_97,18,577.96893,5.041019e-05,1.0
1004684_97,19,577.9659,2.765148e-05,1.0
1004684_97,20,577.9832,8.4967876e-05,1.0
1004695_53,1,4610.803,6.387092e-05,0.9999358439725412
1004695_53,2,4610.8174,0.00010531117,0.9998716797125625
1004695_53,3,4610.8066,8.198131e-05,0.9998716797125625
1004695_53,4,4610.8105,0.00012800211,0.9999358357394931
1004695_53,5,4610.813,9.827252e-05,0.9999358439725412
1004695_53,6,4610.806,7.917187e-05,0.9999358357394931
1004695_53,7,4610.828,0.00014051478,0.9999358439725412
1004695_53,8,4610.799,6.1731545e-05,0.9998075566104304
1004695_53,9,4610.812,0.0001271709,0.9996793021615035
1004695_53,10,4610.7993,5.0148075e-05,0.9998716632443532
1004695_53,11,4610.8,6.2026054e-05,0.9999358357394931
1004695_53,12,4610.8413,0.00015431683,0.9998075319176236
1004695_53,13,4610.822,0.00011457538,0.9998716797125625
1004695_53,14,4610.7993,4.5175046e-05,0.9999358357394931
1004695_53,15,4610.8145,0.00011503819,0.999871696176546
1004695_53,16,4610.801,7.4756084e-05,0.9997433923530922
1004695_53,17,4610.806,8.2051825e-05,0.9998716632443532
1004695_53,18,4610.806,6.3357635e-05,0.9999358439725412
1004695_53,19,4610.8228,0.00012822294,0.9999358357394931
1004695_53,20,4610.8037,6.5495115e-05,0.9998716797125625
1004699_36,1,2360.1492,8.129995e-05,1.0
1004699_36,2,2360.1587,7.865263e-05,0.9992395437262357
1004699_36,3,2360.1494,7.198254e-05,0.99885888170407
1004699_36,4,2360.1482,7.995757e-05,0.99885888170407
1004699_36,5,2360.1455,5.6141143e-05,0.9992395437262357
1004699_36,6,2360.1555,0.00013445684,0.99885888170407
1004699_36,7,2360.1624,0.00019044816,0.9988614800759014
1004699_36,8,2360.151,8.390364e-05,0.9992395437262357
1004699_36,9,2360.1484,9.265232e-05,0.9996202050892518
1004699_36,10,2360.1482,5.4129247e-05,0.999619916381604
1004699_36,11,2360.1472,7.235994e-05,1.0
1004699_36,12,2360.1497,7.450796e-05,0.9992395437262357
1004699_36,13,2360.148,7.8111785e-05,1.0
1004699_36,14,2360.2153,0.0003645737,0.9977255496588324
1004699_36,15,2360.1472,8.432606e-05,0.99885888170407
1004699_36,16,2360.2512,0.00045718535,0.9965921999242711
1004699_36,17,2360.1523,0.00012237055,0.9996202050892518
1004699_36,18,2360.1501,6.2577856e-05,1.0
1004699_36,19,2360.1602,0.00017581087,0.9981039059537353
1004699_36,20,2360.1543,6.6645895e-05,1.0
1004702_89,1,395.13962,8.118556e-05,0.9957264957264957
1004702_89,2,395.13824,5.414865e-05,0.9957264957264957
1004702_89,3,395.13647,3.354761e-05,0.9957264957264957
1004702_89,4,395.13556,1.7521746e-05,0.9957264957264957
1004702_89,5,395.1395,8.271107e-05,0.9957264957264957
1004702_89,6,395.139,6.475391e-05,0.9957264957264957
1004702_89,7,395.1419,5.212139e-05,1.0
1004702_89,8,395.16168,0.00013710401,0.9956896551724138
1004702_89,9,395.13745,4.073052e-05,0.9957264957264957
1004702_89,10,395.13702,5.0021423e-05,0.9957264957264957
1004702_89,11,395.13904,6.485973e-05,0.9957264957264957
1004702_89,12,395.13773,5.903581e-05,1.0
1004702_89,13,395.1359,2.4911635e-05,0.9957264957264957
1004702_89,14,395.1372,5.4037224e-05,1.0
1004702_89,15,395.1359,2.9103432e-05,1.0
1004702_89,16,395.13797,6.644329e-05,0.9957264957264957
1004702_89,17,395.1385,5.226782e-05,0.9957264957264957
1004702_89,18,395.1379,6.9227375e-05,1.0
1004702_89,19,395.1382,5.6305533e-05,0.9957264957264957
1004702_89,20,395.13733,5.5777604e-05,0.9957264957264957
1004707_2,1,292.51065,2.0241254e-05,1.0
1004707_2,2,292.50986,2.4040686e-05,1.0
1004707_2,3,292.50906,3.1650576e-05,1.0
1004707_2,4,292.51385,4.5844226e-05,1.0
1004707_2,5,292.50797,2.1022162e-05,1.0
1004707_2,6,292.5086,2.4027626e-05,1.0
1004707_2,7,292.50848,2.2775614e-05,1.0
1004707_2,8,292.50757,1.3646368e-05,1.0
1004707_2,9,292.50848,3.0488169e-05,1.0
1004707_2,10,292.51337,5.7615205e-05,1.0
1004707_2,11,292.5168,6.302263e-05,1.0
1004707_2,12,292.50885,3.0256215e-05,1.0
1004707_2,13,292.51068,1.8447243e-05,1.0
1004707_2,14,292.51605,6.490733e-05,1.0
1004707_2,15,292.51718,4.8784288e-05,1.0
1004707_2,16,292.50867,2.4860794e-05,1.0
1004707_2,17,292.51407,5.4650278e-05,1.0
1004707_2,18,292.50754,8.641962e-06,1.0
1004707_2,19,292.50983,2.5406516e-05,1.0
1004707_2,20,292.5134,4.6862377e-05,1.0
1004720_1,1,20826.521,0.0004311022,0.9995494524868264
1004720_1,2,20826.484,0.00024351625,0.999862930544949
1004720_1,3,20826.477,0.00035797735,0.9996278377372534
1004720_1,4,20826.562,0.00037173464,0.999725802029065
1004720_1,5,20826.436,0.00024191328,0.9997649823736781
1004720_1,6,20826.426,0.00020070394,0.9998041596490541
1004720_1,7,20826.406,7.189018e-05,0.9999804201828755
1004720_1,8,20826.496,0.00033108614,0.999725802029065
1004720_1,9,20826.406,6.351184e-05,0.9999608411324744
1004720_1,10,20826.43,0.0001837553,0.999823747135891
1004720_1,11,20826.494,0.00031541378,0.9997649823736781
1004720_1,12,20826.477,0.00027518743,0.9998041596490541
1004720_1,13,20826.49,0.0003836587,0.9995690499510284
1004720_1,14,20826.424,0.00019945623,0.9997845713949981
1004720_1,15,20826.535,0.00047863153,0.9994318515761221
1004720_1,16,20826.49,0.0002816153,0.999823747135891
1004720_1,17,20826.406,0.00010211344,0.9998825049935378
1004720_1,18,20826.434,0.00022434026,0.9997845713949981
1004720_1,19,20826.514,0.00035602908,0.9996474321306852
1004720_1,20,20826.566,0.00044865735,0.9995886627622275
1004731_60,1,505.85504,9.3758616e-05,0.9977628635346756
1004731_60,2,505.85077,3.9065602e-05,1.0
1004731_60,3,505.8505,2.689364e-05,0.9988826815642458
1004731_60,4,505.8503,2.637055e-05,0.9988826815642458
1004731_60,5,505.8535,7.04016e-05,1.0
1004731_60,6,505.85223,5.427057e-05,0.9988826815642458
1004731_60,7,505.85138,4.7140828e-05,0.9977628635346756
1004731_60,8,505.8582,6.405051e-05,1.0
1004731_60,9,505.87714,0.00017043579,0.9977728285077951
1004731_60,10,505.85208,3.8638158e-05,1.0
1004731_60,11,505.8519,4.1335083e-05,0.9988826815642458
1004731_60,12,505.85458,7.415356e-05,0.9988851727982163
1004731_60,13,505.85883,7.165657e-05,1.0
1004731_60,14,505.8525,6.0979884e-05,0.9988851727982163
1004731_60,15,505.861,6.329191e-05,0.9977628635346756
1004731_60,16,505.88403,0.00013709455,0.9988851727982163
1004731_60,17,505.9205,0.00019552586,0.9977728285077951
1004731_60,18,505.85385,6.779043e-05,0.9988826815642458
1004731_60,19,505.85095,5.0503888e-05,0.9977628635346756
1004731_60,20,505.88324,0.000112561225,0.9988851727982163
1004749_12,1,4314.871,6.187822e-05,1.0
1004749_12,2,4314.8633,4.75541e-05,1.0
1004749_12,3,4314.8613,3.2621043e-05,1.0
1004749_12,4,4314.861,2.671374e-05,0.999917985729517
1004749_12,5,4314.8613,2.6964952e-05,0.999917985729517
1004749_12,6,4314.8633,4.3669832e-05,1.0
1004749_12,7,4314.8623,3.970976e-05,1.0
1004749_12,8,4314.877,0.00011662527,1.0
1004749_12,9,4314.866,7.886041e-05,0.9999179722746289
1004749_12,10,4314.862,3.506293e-05,1.0
1004749_12,11,4314.8735,8.051275e-05,1.0
1004749_12,12,4314.8613,2.8376411e-05,1.0
1004749_12,13,4314.914,0.00015437025,0.999917985729517
1004749_12,14,4314.881,0.00010293969,0.9998359849106118
1004749_12,15,4314.867,9.219941e-05,0.9999179722746289
1004749_12,16,4314.862,3.866954e-05,1.0
1004749_12,17,4314.9424,0.00020676132,0.9998359849106118
1004749_12,18,4314.9023,0.0001608837,0.9999179722746289
1004749_12,19,4314.863,4.1374813e-05,1.0
1004749_12,20,4314.902,0.00013563453,1.0
1004773_43,1,11370.133,0.00010796147,0.9997796062297972
1004773_43,2,11370.139,0.00010511514,0.9998897666727907
1004773_43,3,11370.167,0.000270129,0.9996324610408703
1004773_43,4,11370.135,7.9765e-05,0.9999265192152252
1004773_43,5,11370.174,0.00020303996,0.9998162642854518
1004773_43,6,11370.188,0.00021547521,0.9998530600249798
1004773_43,7,11370.133,7.953073e-05,0.9999632582577066
1004773_43,8,11370.146,0.00016970868,0.9997795090401294
1004773_43,9,11370.134,0.00010020974,0.9998897909702068
1004773_43,10,11370.134,7.310629e-05,0.9998897747731197
1004773_43,11,11370.143,0.00014051564,0.999816318283678
1004773_43,12,11370.158,0.00020354774,0.9996325150668822
1004773_43,13,11370.128,4.2089043e-05,0.9999632582577066
1004773_43,14,11370.144,0.0001499228,0.9997795900374697
1004773_43,15,11370.1875,0.00021943815,0.9999265192152252
1004773_43,16,11370.173,0.00019525144,0.9997796062297972
1004773_43,17,11370.13,5.7156394e-05,0.9998897828722584
1004773_43,18,11370.156,0.00015640451,0.9998530168295731
1004773_43,19,11370.143,0.00012748434,0.9998163317782757
1004773_43,20,11370.13,7.8033765e-05,0.9998162777879845
1004780_22,1,22087.8,0.0003257614,0.9997978981406629
1004780_22,2,22087.902,0.00048172675,0.9996462681287585
1004780_22,3,22087.78,0.00029529814,0.9998231653404067
1004780_22,4,22087.736,0.0001628688,0.999898971189951
1004780_22,5,22087.816,0.00032479654,0.9997726296642498
1004780_22,6,22087.752,0.00024441053,0.9998821390086207
1004780_22,7,22087.764,0.00019807037,0.9999073816800963
1004780_22,8,22087.787,0.00025851265,0.9998736959102735
1004780_22,9,22087.791,0.0003318918,0.9997642065550578
1004780_22,10,22087.75,0.00020871441,0.9999494872960549
1004780_22,11,22087.742,0.00015995794,0.9998736980372674
1004780_22,12,22087.76,0.00025499714,0.9999158149950331
1004780_22,13,22087.768,0.00023062176,0.9998652790407868
1004780_22,14,22087.732,0.00011084583,0.9999663242970197
1004780_22,15,22087.736,0.00013830232,0.9999158050719025
1004780_22,16,22087.74,0.00016052283,0.9998905401422978
1004780_22,17,22087.771,0.00025976647,0.9998063206824249
1004780_22,18,22088.021,0.00063867425,0.9996125663269604
1004780_22,19,22087.959,0.0006240839,0.999705414481824
1004780_22,20,22087.768,0.0002845854,0.9998821449616971
1004781_39,1,210.33577,2.3191005e-05,1.0
1004781_39,2,210.33577,1.9668481e-05,1.0
1004781_39,3,210.34216,0.00010908544,1.0
1004781_39,4,210.34239,8.1678176e-05,1.0
1004781_39,5,210.33583,2.5921838e-05,1.0
1004781_39,6,210.33919,3.034949e-05,1.0
1004781_39,7,210.33598,1.931588e-05,1.0
1004781_39,8,210.33588,2.3911687e-05,1.0
1004781_39,9,210.3356,1.2066548e-05,1.0
1004781_39,10,210.33743,4.648942e-05,1.0
1004781_39,11,210.33553,9.943409e-06,1.0
1004781_39,12,210.3365,2.580356e-05,1.0
1004781_39,13,210.33809,3.544048e-05,1.0
1004781_39,14,210.34451,6.069721e-05,1.0
1004781_39,15,210.33565,1.8867539e-05,1.0
1004781_39,16,210.34193,9.3752395e-05,1.0
1004781_39,17,210.33582,2.3712495e-05,1.0
1004781_39,18,210.34412,9.419165e-05,1.0
1004781_39,19,210.33585,1.7711633e-05,1.0
1004781_39,20,210.33617,2.9986923e-05,1.0
1004786_11,1,3521.2815,0.00012072848,0.9995486685722883
1004786_11,2,3521.2896,0.00014643704,0.9993981342160698
1004786_11,3,3521.2832,0.0001012823,0.9998496466696737
1004786_11,4,3521.2769,9.2956245e-05,0.9996991576413959
1004786_11,5,3521.2717,3.8695878e-05,1.0
1004786_11,6,3521.28,8.609801e-05,0.9998496014438262
1004786_11,7,3521.274,7.344507e-05,0.9998496014438262
1004786_11,8,3521.279,0.00010907948,0.9996991576413959
1004786_11,9,3521.2727,5.657855e-05,0.9998496466696737
1004786_11,10,3521.2773,8.510085e-05,0.9996993385447985
1004786_11,11,3521.2742,6.65637e-05,1.0
1004786_11,12,3521.2769,0.00010255139,0.9993981342160698
1004786_11,13,3521.2795,9.889678e-05,0.9995488043314784
1004786_11,14,3521.2979,0.000146159,0.9998496014438262
1004786_11,15,3521.2778,9.34186e-05,0.9998496014438262
1004786_11,16,3521.2737,7.11576e-05,0.9998496014438262
1004786_11,17,3521.2783,9.657273e-05,0.9996991576413959
1004786_11,18,3521.2803,0.00011820499,0.9995486685722883
1004786_11,19,3521.2827,0.0001324024,0.9995486685722883
1004786_11,20,3521.2803,0.00010526099,0.9996991576413959
1004789_80,1,614.0968,4.0718158e-05,1.0
1004789_80,2,614.10236,6.2410465e-05,1.0
1004789_80,3,614.1057,6.1895604e-05,0.9993346640053227
1004789_80,4,614.0965,2.5089776e-05,1.0
1004789_80,5,614.09796,2.8286799e-05,1.0
1004789_80,6,614.0972,2.3129294e-05,1.0
1004789_80,7,614.0963,2.8152044e-05,1.0
1004789_80,8,614.09705,5.0693932e-05,0.9993337774816788
1004789_80,9,614.0996,5.8676364e-05,1.0
1004789_80,10,614.0998,3.2762306e-05,1.0
1004789_80,11,614.0967,3.165184e-05,1.0
1004789_80,12,614.0963,2.30488e-05,0.9993337774816788
1004789_80,13,614.1036,7.329241e-05,0.9993346640053227
1004789_80,14,614.0985,5.6706493e-05,0.9993346640053227
1004789_80,15,614.09595,2.5694653e-05,0.9993337774816788
1004789_80,16,614.10254,4.9098653e-05,1.0
1004789_80,17,614.09784,4.0758307e-05,1.0
1004789_80,18,614.10376,7.011511e-05,1.0
1004789_80,19,614.0966,4.135531e-05,0.9993337774816788
1004789_80,20,614.0993,3.8054848e-05,1.0
1004797_26,1,1076.7898,4.8473612e-05,1.0
1004797_26,2,1076.7942,0.0001013361,1.0
1004797_26,3,1076.7894,4.401482e-05,1.0
1004797_26,4,1076.7949,8.361626e-05,1.0
1004797_26,5,1076.7942,9.890872e-05,1.0
1004797_26,6,1076.7913,4.9151702e-05,1.0
1004797_26,7,1076.7954,0.000113191585,1.0
1004797_26,8,1076.7922,4.462306e-05,1.0
1004797_26,9,1076.7943,0.000101876314,1.0
1004797_26,10,1076.7911,7.251866e-05,1.0
1004797_26,11,1076.7982,0.00012769992,1.0
1004797_26,12,1076.7888,2.8357008e-05,1.0
1004797_26,13,1076.7893,4.0608436e-05,1.0
1004797_26,14,1076.789,2.20824e-05,1.0
1004797_26,15,1076.7888,3.370246e-05,1.0
1004797_26,16,1076.7887,2.6833806e-05,1.0
1004797_26,17,1076.7953,9.624275e-05,1.0
1004797_26,18,1076.789,4.3020038e-05,1.0
1004797_26,19,1076.7911,7.0325776e-05,1.0
1004797_26,20,1076.7897,4.1217372e-05,1.0
1004801_3,1,9964.581,0.00016941337,0.9996917069160415
1004801_3,2,9964.581,0.00015418677,0.9997687861271676
1004801_3,3,9964.566,8.6671185e-05,0.9998972409186662
1004801_3,4,9964.746,0.00047068388,0.9993059661208648
1004801_3,5,9964.591,0.00023568029,0.9996145643292135
1004801_3,6,9964.585,0.00018750878,0.999743128692525
1004801_3,7,9964.568,8.526782e-05,0.9998715610470343
1004801_3,8,9964.565,9.023207e-05,0.999845869297164
1004801_3,9,9964.568,0.00011726445,0.9998715544480694
1004801_3,10,9964.576,0.00017108845,0.9996916910744567
1004801_3,11,9964.573,0.00015208963,0.999820185465848
1004801_3,12,9964.573,0.0001472787,0.9997687861271676
1004801_3,13,9964.581,0.00016467,0.9997687861271676
1004801_3,14,9964.575,0.00014677926,0.9998201762272972
1004801_3,15,9964.577,0.00014324937,0.9997687861271676
1004801_3,16,9964.564,9.337599e-05,0.9998715544480694
1004801_3,17,9964.575,0.00016613204,0.9997431154952733
1004801_3,18,9964.567,0.00010679775,0.9998201300202996
1004801_3,19,9964.577,0.0001327299,0.9998458455372283
1004801_3,20,9964.579,0.00015272874,0.9997687861271676
1004821_68,1,26993.975,0.00014092645,0.9998768348803618
1004821_68,2,26993.967,5.9778256e-05,0.9999328212822178
1004821_68,3,26993.973,0.00010499716,0.9999328288030093
1004821_68,4,26993.977,0.00012372549,0.9998432356168678
1004821_68,5,26994.268,0.0006239035,0.9994511095428527
1004821_68,6,26993.99,0.00017419673,0.9998320663673717
1004821_68,7,26994.393,0.0007271652,0.9993726474278545
1004821_68,8,26993.97,9.032096e-05,0.9998880304557161
1004821_68,9,26993.984,0.00017759064,0.9998544575183888
1004821_68,10,26993.965,5.5509212e-05,0.9999104263704766
1004821_68,11,26993.982,0.00017614634,0.9998544477411409
1004821_68,12,26994.021,0.00027262018,0.9997760458658067
1004821_68,13,26994.217,0.0004605429,0.9996416091748052
1004821_68,14,26993.975,0.0001245667,0.9998544672943231
1004821_68,15,26993.984,0.0001739584,0.9998544477411409
1004821_68,16,26994.0,0.00024036018,0.9998544705526761
1004821_68,17,26993.984,0.00017728262,0.9998096666927908
1004821_68,18,26994.207,0.00061611884,0.9994405281414345
1004821_68,19,26994.068,0.000330276,0.9998097093029764
1004821_68,20,26993.973,0.00012616045,0.9998768459118441
1004834_71,1,194.63219,1.08438e-05,1.0
1004834_71,2,194.63263,3.3952743e-05,1.0
1004834_71,3,194.63904,7.4219904e-05,1.0
1004834_71,4,194.63338,3.9054772e-05,1.0
1004834_71,5,194.6319,1.0445571e-05,1.0
1004834_71,6,194.63422,3.8013084e-05,1.0
1004834_71,7,194.63365,3.422801e-05,1.0
1004834_71,8,194.6318,6.9600123e-06,1.0
1004834_71,9,194.63512,6.988591e-05,1.0
1004834_71,10,194.63235,1.921238e-05,1.0
1004834_71,11,194.63376,3.8209488e-05,1.0
1004834_71,12,194.63194,6.1273663e-06,1.0
1004834_71,13,194.63226,2.3257197e-05,1.0
1004834_71,14,194.6326,3.6443562e-05,1.0
1004834_71,15,194.63188,9.574169e-06,1.0
1004834_71,16,194.63394,5.091607e-05,1.0
1004834_71,17,194.6345,3.7777958e-05,1.0
1004834_71,18,194.63205,1.5372905e-05,1.0
1004834_71,19,194.63307,2.6917392e-05,1.0
1004834_71,20,194.63261,3.234625e-05,1.0
1004838_10,1,2913.689,5.0640207e-05,1.0
1004838_10,2,2913.695,9.7495715e-05,1.0
1004838_10,3,2913.6917,8.008643e-05,0.9998879802845301
1004838_10,4,2913.692,9.1513306e-05,0.999888005375742
1004838_10,5,2913.702,0.00014285378,0.9996640913671482
1004838_10,6,2913.6965,9.591501e-05,0.9998879802845301
1004838_10,7,2913.6943,0.000106039275,0.9997760358342666
1004838_10,8,2913.6953,0.000114379814,1.0
1004838_10,9,2913.6877,4.1830015e-05,0.9998879802845301
1004838_10,10,2913.6965,9.750845e-05,1.0
1004838_10,11,2913.6875,3.5324905e-05,0.9998879802845301
1004838_10,12,2913.6943,0.00010462621,1.0
1004838_10,13,2913.6895,5.359823e-05,1.0
1004838_10,14,2913.6902,5.2125826e-05,1.0
1004838_10,15,2913.6965,0.000113400165,0.999888005375742
1004838_10,16,2913.6895,5.768332e-05,0.9998879802845301
1004838_10,17,2913.693,0.000100383135,0.999888005375742
1004838_10,18,2913.699,0.0001474609,0.9997760358342666
1004838_10,19,2913.6985,0.00013325932,0.9996640913671482
1004838_10,20,2913.6975,0.00013367296,0.9996640913671482
1004859_76,1,4324.683,9.310001e-05,0.9998055609566401
1004859_76,2,4324.698,0.00011967717,0.9999027710257656
1004859_76,3,4324.678,5.196178e-05,1.0
1004859_76,4,4324.6816,8.280634e-05,0.99970836978711
1004859_76,5,4324.7026,0.00012707402,0.9998055609566401
1004859_76,6,4324.734,0.00018509699,0.9998055231427461
1004859_76,7,4324.6973,0.00014244515,0.99970836978711
1004859_76,8,4324.695,0.00012282556,0.99970836978711
1004859_76,9,4324.695,0.00011262041,0.9998055609566401
1004859_76,10,4324.6836,9.9849894e-05,0.99970836978711
1004859_76,11,4324.7334,0.00020170778,0.9998055231427461
1004859_76,12,4324.6953,0.00010547757,0.9998055609566401
1004859_76,13,4324.682,6.560304e-05,1.0
1004859_76,14,4324.726,0.00018764207,0.9998054853141413
1004859_76,15,4324.6816,7.042047e-05,0.9998055609566401
1004859_76,16,4324.6826,8.905695e-05,0.99970836978711
1004859_76,17,4324.693,0.00015684051,0.9995140441247935
1004859_76,18,4324.683,6.5286215e-05,0.9998055609566401
1004859_76,19,4324.688,8.2500774e-05,0.9999027710257656
1004859_76,20,4324.71,0.00015517227,0.9998055609566401
1004860_63,1,20540.11,0.00010774439,0.9999804242712935
1004860_63,2,20540.184,0.00022175792,0.9999804242712935
1004860_63,3,20540.102,0.00011033804,0.9999738998799395
1004860_63,4,20540.105,0.00011847598,0.9999412712810039
1004860_63,5,20540.105,0.00010686081,0.9999869497696634
1004860_63,6,20540.13,0.0001623796,0.9999673742112716
1004860_63,7,20540.102,8.285677e-05,0.9999543238957802
1004860_63,8,20540.121,0.00014227357,0.9999608477761537
1004860_63,9,20540.139,0.0001947072,0.9999543221074475
1004860_63,10,20540.12,0.00014070708,0.9999673737854892
1004860_63,11,20540.111,0.00013592641,0.9999478011222759
1004860_63,12,20540.107,0.00010402033,0.9999869495993527
1004860_63,13,20540.115,0.00018149099,0.999941276645722
1004860_63,14,20540.125,0.00014420212,0.9999543227035739
1004860_63,15,20540.129,0.00023018137,0.999928227011438
1004860_63,16,20540.104,0.000121723286,0.999967375062803
1004860_63,17,20540.11,0.00012997565,0.9999738995393269
1004860_63,18,20540.102,0.00010475817,0.9999543227035739
1004860_63,19,20540.125,0.00018495806,0.99994779771615
1004860_63,20,20540.098,8.4880594e-05,0.9999608493089903
1004882_83,1,10195.987,7.7909266e-05,0.9999473240623683
1004882_83,2,10196.018,0.0001551972,0.9999736613374773
1004882_83,3,10195.994,0.0001184176,0.9999736613374773
1004882_83,4,10195.986,8.251265e-05,1.0
1004882_83,5,10196.06,0.00022462706,0.9998946536739531
1004882_83,6,10195.995,0.0001475591,0.9998946536739531
1004882_83,7,10195.989,0.000105461004,0.9998946536739531
1004882_83,8,10196.023,0.00019750244,0.9998419805109297
1004882_83,9,10196.043,0.0003235648,0.9995524313508675
1004882_83,10,10196.016,0.00014915374,0.9999736613374773
1004882_83,11,10195.997,0.00014294728,0.9999736613374773
1004882_83,12,10196.004,0.00013846072,1.0
1004882_83,13,10196.022,0.00017178006,0.9999209840124319
1004882_83,14,10195.994,0.00010208592,0.9999736613374773
1004882_83,15,10195.983,7.661311e-05,0.9999209881745634
1004882_83,16,10196.013,0.000171118,0.9998683136242724
1004882_83,17,10196.017,0.00014908962,0.9999473240623683
1004882_83,18,10195.983,7.3182906e-05,0.9999736613374773
1004882_83,19,10195.996,0.00013082399,0.9998946481247366
1004882_83,20,10196.003,0.00016097588,0.9998946481247366
1004892_62,1,6721.381,5.1611303e-05,1.0
1004892_62,2,6721.391,9.683905e-05,0.9998735511064278
1004892_62,3,6721.384,9.4555115e-05,0.9999578468153268
1004892_62,4,6721.382,5.1180443e-05,1.0
1004892_62,5,6721.3887,0.00011564384,0.9998735511064278
1004892_62,6,6721.389,0.000107151835,1.0
1004892_62,7,6721.3833,7.46451e-05,0.999915697184286
1004892_62,8,6721.3887,0.00011238038,0.999915697184286
1004892_62,9,6721.3945,0.00015151827,0.9998735511064278
1004892_62,10,6721.3804,5.9786264e-05,1.0
1004892_62,11,6721.3896,0.00010309486,1.0
1004892_62,12,6721.3887,0.00010401795,0.9999578432612453
1004892_62,13,6721.4023,0.00018860283,0.999915697184286
1004892_62,14,6721.4126,0.00019837549,0.9997892696084629
1004892_62,15,6721.381,4.94723e-05,1.0
1004892_62,16,6721.3965,0.00015211425,0.999915697184286
1004892_62,17,6721.399,0.00015048176,0.9998735511064278
1004892_62,18,6721.406,0.00017975766,0.9998735511064278
1004892_62,19,6721.3813,6.639964e-05,1.0
1004892_62,20,6721.384,7.035744e-05,0.9999578468153268
1004897_72,1,12393.896,0.0001954984,0.9996289080619724
1004897_72,2,12394.049,0.00029683742,0.9998144368157358
1004897_72,3,12394.636,0.0007035795,0.9987488994949261
1004897_72,4,12394.101,0.0004372361,0.9993508902077152
1004897_72,5,12394.079,0.00037517276,0.9995826183740667
1004897_72,6,12394.122,0.00043559296,0.9993508902077152
1004897_72,7,12393.922,0.00026127364,0.9994899142128448
1004897_72,8,12393.933,0.00031944615,0.9993971713424531
1004897_72,9,12393.946,0.00028804882,0.9993972272453285
1004897_72,10,12393.877,8.651721e-05,1.0
1004897_72,11,12393.921,0.00020082665,0.9998144540309861
1004897_72,12,12394.181,0.00052897946,0.9988414662403262
1004897_72,13,12393.885,0.00013717635,0.9998143851508121
1004897_72,14,12393.903,0.00016673624,0.9999072011878248
1004897_72,15,12394.114,0.0004569313,0.9993507095816715
1004897_72,16,12393.979,0.00035665513,0.9992108072977114
1004897_72,17,12393.885,0.00013411963,0.999767992204538
1004897_72,18,12393.939,0.00019874921,0.9998608082401522
1004897_72,19,12393.889,0.00014213813,0.9997215518841656
1004897_72,20,12393.887,0.00014616123,0.9998608340678202
1004910_10,1,330.65213,2.2557797e-05,1.0
1004910_10,2,330.65552,6.184076e-05,1.0
1004910_10,3,330.6591,0.00010774918,1.0
1004910_10,4,330.65198,1.4902711e-05,1.0
1004910_10,5,330.65323,3.3060685e-05,1.0
1004910_10,6,330.65756,9.913593e-05,1.0
1004910_10,7,330.65518,4.8791266e-05,1.0
1004910_10,8,330.6524,3.256897e-05,1.0
1004910_10,9,330.65506,5.7289533e-05,1.0
1004910_10,10,330.65237,2.9359457e-05,1.0
1004910_10,11,330.6567,7.78962e-05,1.0
1004910_10,12,330.6569,7.015349e-05,1.0
1004910_10,13,330.65244,3.2136395e-05,1.0
1004910_10,14,330.6521,2.0862411e-05,1.0
1004910_10,15,330.65237,2.7903448e-05,1.0
1004910_10,16,330.65198,1.380875e-05,1.0
1004910_10,17,330.65747,0.00010064044,1.0
1004910_10,18,330.65244,2.8214898e-05,1.0
1004910_10,19,330.65198,1.6867454e-05,1.0
1004910_10,20,330.6525,3.0989133e-05,1.0
1004914_12,1,837.4561,6.242024e-05,1.0
1004914_12,2,837.445,3.5455425e-05,1.0
1004914_12,3,837.45,8.293264e-05,1.0
1004914_12,4,837.4704,0.000102906546,1.0
1004914_12,5,837.4943,0.00013188092,1.0
1004914_12,6,837.44635,4.3257936e-05,1.0
1004914_12,7,837.4469,5.3545085e-05,1.0
1004914_12,8,837.44836,6.6236906e-05,1.0
1004914_12,9,837.44543,3.6975016e-05,1.0
1004914_12,10,837.44574,4.6444682e-05,1.0
1004914_12,11,837.44727,3.4798013e-05,1.0
1004914_12,12,837.4571,0.00010587711,1.0
1004914_12,13,837.47095,0.00011446899,1.0
1004914_12,14,837.45026,5.0159444e-05,1.0
1004914_12,15,837.4449,3.4243687e-05,1.0
1004914_12,16,837.45416,6.5788474e-05,1.0
1004914_12,17,837.4448,2.6109386e-05,1.0
1004914_12,18,837.4488,5.389396e-05,1.0
1004914_12,19,837.4627,9.19018e-05,1.0
1004914_12,20,837.4502,5.6649493e-05,1.0
1004931_58,1,8693.558,5.2128864e-05,0.9998829861923707
1004931_58,2,8693.559,6.504805e-05,0.9997659449970743
1004931_58,3,8693.558,4.966658e-05,0.9998829861923707
1004931_58,4,8693.558,4.1088824e-05,0.9999414896729273
1004931_58,5,8693.559,4.9943937e-05,0.9999414896729273
1004931_58,6,8693.558,4.6829024e-05,0.9998829724985372
1004931_58,7,8693.559,6.5691274e-05,0.9998829861923707
1004931_58,8,8693.573,0.00014036604,0.9997073456248171
1004931_58,9,8693.558,3.545152e-05,0.9999414828252092
1004931_58,10,8693.561,6.3695355e-05,0.9998244484756276
1004931_58,11,8693.561,7.190345e-05,0.9999414896729273
1004931_58,12,8693.563,8.283266e-05,0.9997659449970743
1004931_58,13,8693.564,8.11361e-05,0.9998829724985372
1004931_58,14,8693.558,4.5029174e-05,0.9998829861923707
1004931_58,15,8693.56,6.1027218e-05,0.9999414896729273
1004931_58,16,8693.562,8.990911e-05,0.9997659176029963
1004931_58,17,8693.559,4.6193745e-05,0.9999414828252092
1004931_58,18,8693.559,5.0032755e-05,0.9999414828252092
1004931_58,19,8693.56,7.552503e-05,0.9998829588014981
1004931_58,20,8693.559,6.518797e-05,0.9997659176029963
1004933_89,1,772.0271,0.00011101001,0.9965601965601966
1004933_89,2,772.0222,6.615409e-05,0.9970501474926253
1004933_89,3,772.02466,9.697368e-05,0.9965601965601966
1004933_89,4,772.0444,0.00020354181,0.9960707269155207
1004933_89,5,772.02124,5.089858e-05,0.9985228951255539
1004933_89,6,772.02783,0.00010050542,0.9975405804230202
1004933_89,7,772.0258,0.00010631255,0.9970501474926253
1004933_89,8,772.02686,0.000107985965,0.9965601965601966
1004933_89,9,772.0215,5.3508556e-05,0.9985228951255539
1004933_89,10,772.0205,2.672749e-05,1.0
1004933_89,11,772.0207,3.3183656e-05,0.9990138067061144
1004933_89,12,772.0268,0.00011066305,0.9965601965601966
1004933_89,13,772.024,8.525636e-05,0.9970501474926253
1004933_89,14,772.0263,0.000106838415,0.9975405804230202
1004933_89,15,772.0211,3.541329e-05,0.9990147783251232
1004933_89,16,772.02313,7.5647804e-05,0.9985228951255539
1004933_89,17,772.0251,7.3028365e-05,0.9985228951255539
1004933_89,18,772.02637,0.00011234602,0.9965601965601966
1004933_89,19,772.0272,0.000110443274,0.9965601965601966
1004933_89,20,772.0204,2.5202755e-05,0.9995071463775259
1004935_97,1,4840.883,6.5989516e-05,0.9997686077902044
1004935_97,2,4840.8843,5.695814e-05,1.0
1004935_97,3,4840.892,9.0976035e-05,0.9999228811598674
1004935_97,4,4840.9575,0.00023385129,0.999845797995374
1004935_97,5,4840.898,0.00017905119,0.9994599182161871
1004935_97,6,4840.885,6.184756e-05,1.0
1004935_97,7,4840.8945,0.00015004653,0.9994599182161871
1004935_97,8,4840.8916,8.779481e-05,1.0
1004935_97,9,4840.8945,0.00016313545,0.9994599182161871
1004935_97,10,4840.882,5.7700207e-05,0.9996914532551682
1004935_97,11,4840.8867,8.919467e-05,0.9998457504241863
1004935_97,12,4840.913,0.00016786496,1.0
1004935_97,13,4840.906,0.00012417523,1.0
1004935_97,14,4840.895,9.967782e-05,0.9999228811598674
1004935_97,15,4840.8994,0.00017839103,0.9994599182161871
1004935_97,16,4840.8916,0.000104550745,0.9997686077902044
1004935_97,17,4840.9087,0.0001374244,0.999922893052664
1004935_97,18,4840.8906,0.00013178657,0.9994599182161871
1004935_97,19,4840.8843,6.192247e-05,0.9999228811598674
1004935_97,20,4840.8945,9.933802e-05,1.0
1004958_35,1,3744.2244,0.00010962562,0.99965874189512
1004958_35,2,3744.2197,5.8468908e-05,1.0
1004958_35,3,3744.2488,0.00017360343,0.9994317536083646
1004958_35,4,3744.2808,0.00031656265,0.9987475805533417
1004958_35,5,3744.2512,0.00022638346,0.9988615664845173
1004958_35,6,3744.2202,6.023971e-05,1.0
1004958_35,7,3744.2263,0.000105391715,0.9997726239199636
1004958_35,8,3744.23,0.000112799324,0.9996589746504491
1004958_35,9,3744.2192,4.79928e-05,1.0
1004958_35,10,3744.2327,9.161557e-05,0.9998862990335418
1004958_35,11,3744.2288,8.213418e-05,1.0
1004958_35,12,3744.2195,5.3906424e-05,1.0
1004958_35,13,3744.2317,0.00016592623,0.9992033686127233
1004958_35,14,3744.224,6.4862965e-05,0.9997725722083238
1004958_35,15,3744.2344,0.00012572267,0.9994314951677089
1004958_35,16,3744.2207,5.015075e-05,0.9997725722083238
1004958_35,17,3744.2178,1.2520157e-05,1.0
1004958_35,18,3744.2476,0.0002271656,0.9988615664845173
1004958_35,19,3744.2422,0.000108586515,0.9997726239199636
1004958_35,20,3744.2307,0.00010961865,0.9997726239199636
1004988_23,1,694.0649,8.091272e-05,0.9979838709677419
1004988_23,2,694.06586,6.264567e-05,0.998992950654582
1004988_23,3,694.05914,4.9603852e-05,0.998992950654582
1004988_23,4,694.06165,8.366445e-05,0.9979838709677419
1004988_23,5,694.06366,0.000110469766,0.9979838709677419
1004988_23,6,694.0615,8.799308e-05,0.9979838709677419
1004988_23,7,694.06396,9.194861e-05,0.9979838709677419
1004988_23,8,694.06244,4.9957343e-05,0.998992950654582
1004988_23,9,694.06006,4.1950025e-05,0.998992950654582
1004988_23,10,694.0605,7.384708e-05,0.9979838709677419
1004988_23,11,694.06226,7.20794e-05,0.9979838709677419
1004988_23,12,694.06445,0.0001116462,0.9979838709677419
1004988_23,13,694.0605,3.743102e-05,1.0
1004988_23,14,694.06213,4.460819e-05,0.998992950654582
1004988_23,15,694.0588,2.890462e-05,1.0
1004988_23,16,694.0597,3.643598e-05,1.0
1004988_23,17,694.0654,0.00012234527,0.9979838709677419
1004988_23,18,694.06445,4.380387e-05,1.0
1004988_23,19,694.05927,4.3721466e-05,0.998992950654582
1004988_23,20,694.0614,3.3941345e-05,1.0
1004993_98,1,1935.0103,0.00024399527,0.9990069513406157
1004993_98,2,1935.0696,0.00029060701,0.9995042141794744
1004993_98,3,1934.95,9.6503056e-05,1.0
1004993_98,4,1934.9885,0.00020220639,1.0
1004993_98,5,1935.1646,0.00038391494,0.9985096870342772
1004993_98,6,1935.429,0.00058111094,0.9970149253731343
1004993_98,7,1934.9822,0.00020017473,1.0
1004993_98,8,1935.017,0.00025850168,0.9995037220843672
1004993_98,9,1935.1244,0.00033947357,0.9990069513406157
1004993_98,10,1935.0426,0.00030207093,0.9995042141794744
1004993_98,11,1935.1193,0.0003361883,0.9990079365079365
1004993_98,12,1934.9775,0.00018784915,0.9995037220843672
1004993_98,13,1935.0532,0.00027097008,0.9995037220843672
1004993_98,14,1935.0078,0.0002500815,0.9995037220843672
1004993_98,15,1935.133,0.00045005474,0.9980119284294234
1004993_98,16,1934.9734,0.00020100814,1.0
1004993_98,17,1935.286,0.0005003328,0.9975136747886624
1004993_98,18,1934.9824,0.0001973554,0.9995042141794744
1004993_98,19,1935.0161,0.00026002488,0.9995037220843672
1004993_98,20,1934.9908,0.0002063575,0.9995037220843672
